id,first_name,last_name,state,birthday,age,gender,acct_created_date
43,Lawrence,Jenkins,AL,1987-05-22,29,M,2005-09-07
199,Randall,Galloway,AL,1979-07-02,37,M,2015-11-13
219,Michael,Byrd,AL,1961-01-01,56,M,2011-02-19
275,Lester,Woods,AL,1965-03-10,51,M,2011-10-20
324,Peter,Peterson,AL,1990-10-04,26,M,2013-12-18
349,Jerry,Daugherty,AL,1957-11-04,59,M,2007-06-23
413,Matthew,Bowen,AL,1986-06-04,30,M,2014-03-16
428,Patrick,Parker,AL,1962-06-12,54,M,2013-05-10
438,Jerry,Reyes,AL,1980-10-23,36,M,2005-12-17
503,Elliott,Bailey,AL,1962-09-15,54,M,2004-07-21
618,Marlon,Riley,AL,1969-11-08,47,M,2000-01-16
807,Dale,Hopkins,AL,1985-02-19,32,M,2004-09-26
822,Joshua,Mcdonald,AL,1968-06-13,48,M,2007-07-10
887,Daniel,Meyer,AL,1966-10-14,50,M,2010-06-27
893,Matthew,Price,AL,1965-05-29,51,M,2003-01-20
25,Davis,Wallace,AK,1966-03-06,51,M,2001-09-20
31,Roy,Carrillo,AK,1958-04-11,58,M,2012-01-31
48,Don,Hull,AK,1978-05-12,38,M,2008-07-24
66,David,Mccullough,AK,1994-12-04,22,M,2015-11-21
360,Timothy,Ferrell,AK,1961-08-13,55,M,2012-09-04
367,Timothy,Kelly,AK,1969-11-27,47,M,2006-04-24
448,Edward,Stout,AK,1983-10-10,33,M,2006-07-29
488,Todd,Riley,AK,1985-04-02,31,M,2015-02-10
556,Ronald,Miller,AK,1981-09-15,35,M,2006-10-15
702,Michael,Patterson,AK,1976-12-12,40,M,2011-06-27
705,Robert,Jones,AK,1961-08-07,55,M,2009-05-14
706,Gary,Lane,AK,1966-03-19,50,M,2004-10-16
772,Michael,Thomas,AK,1955-10-20,61,M,2003-07-02
797,Arthur,Webb,AK,1972-09-26,44,M,2005-01-17
946,Kevin,Long,AK,1973-10-21,43,M,2005-08-07
116,Michael,Johnson,AZ,1974-12-11,42,M,2006-12-10
128,Leroy,Garcia,AZ,1987-06-28,29,M,2006-05-08
150,Danny,Garrison,AZ,1958-03-24,58,M,2001-03-25
194,Curt,Malone,AZ,1994-02-26,23,M,2009-02-08
292,Toby,Holt,AZ,1984-10-02,32,M,2010-06-12
476,Gil,Thompson,AZ,1966-12-29,50,M,2012-11-28
558,Teddy,Strickland,AZ,1983-07-26,33,M,2008-06-30
688,Michael,Johnson,AZ,1952-06-28,64,M,2004-03-31
691,George,Dixon,AZ,1976-04-04,40,M,2000-08-06
935,Kyle,Reynolds,AZ,1970-10-18,46,M,2012-01-02
92,Colin,Joseph,AR,1992-09-18,24,M,2003-12-22
203,Robert,Butler,AR,1971-06-03,45,M,2003-12-23
313,Carl,Wilson,AR,1970-02-17,47,M,2004-08-19
398,Roland,Mcintosh,AR,1982-04-02,34,M,2008-09-19
546,Michael,Olsen,AR,1982-05-20,34,M,2008-10-21
637,John,Baker,AR,1961-02-06,56,M,2002-07-14
675,Mack,Simpson,AR,1995-04-27,21,M,2006-02-21
699,Adam,Farmer,AR,1996-10-11,20,M,2014-02-18
750,Michael,Lindsay,AR,1999-05-23,17,M,2015-11-08
41,Willie,Johnson,CA,1979-12-24,37,M,2009-05-29
188,Ira,Guthrie,CA,1982-04-20,34,M,2013-03-27
245,Randall,Delgado,CA,1991-11-28,25,M,2013-05-04
383,Stanley,Duffy,CA,1984-08-26,32,M,2002-07-18
389,Alfred,Wise,CA,1986-02-03,31,M,2003-04-28
479,Randal,Shelton,CA,1970-03-23,46,M,2006-02-10
644,Philip,Holt,CA,1951-01-08,66,M,2015-03-14
811,Sean,George,CA,1997-08-26,19,M,2015-01-31
34,Carmine,Mcdonald,CO,1985-05-19,31,M,2010-11-22
538,Francisco,Green,CO,1983-05-28,33,M,2012-11-22
641,Ronnie,Carr,CO,2004-06-17,12,M,2014-03-17
848,Jerry,Washington,CO,1962-12-21,54,M,2014-12-27
868,Jonathan,Taylor,CO,1974-08-21,42,M,2001-08-04
921,Timothy,Moore,CO,1957-12-04,59,M,2003-05-08
2,Bobby,Mills,CT,1990-06-25,26,M,2015-02-10
97,David,Robbins,CT,1978-12-30,38,M,2014-12-15
99,Joshua,Greene,CT,1956-10-09,60,M,2005-01-22
285,Gerald,Scott,CT,1971-10-01,45,M,2003-12-19
390,Reginald,Miller,CT,1984-01-28,33,M,2012-03-11
442,Mario,Walsh,CT,1964-04-19,52,M,2002-12-30
474,Roland,Butler,CT,1952-11-03,64,M,2012-08-15
566,Michael,Curry,CT,1999-05-03,17,M,2009-04-13
638,Wm,James,CT,1966-04-03,50,M,2008-09-13
715,Kenneth,Rollins,CT,1992-11-20,24,M,2006-01-28
816,Bryan,Carter,CT,1983-03-27,33,M,2012-02-06
72,Julio,Hernandez,DE,1960-09-08,56,M,2006-12-04
168,Ted,Mitchell,DE,1971-05-21,45,M,2001-11-30
185,Frankie,Ramsey,DE,1972-03-15,44,M,2004-02-09
291,Clyde,Mclean,DE,1970-10-09,46,M,2010-01-26
347,Zachery,Greer,DE,1956-04-25,60,M,2000-10-10
504,Justin,Rodriguez,DE,1971-07-27,45,M,2005-01-30
605,Lee,Robinson,DE,1965-05-28,51,M,2011-06-20
657,Delmer,Harris,DE,1962-10-19,54,M,2011-03-26
743,Dave,Zimmerman,DE,1953-03-27,63,M,2008-10-11
784,Michael,Mathews,DE,1951-07-22,65,M,2005-04-04
823,Cory,Savage,DE,1988-04-30,28,M,2008-09-23
844,Thomas,Patterson,DE,1974-10-24,42,M,2007-04-10
977,Carlos,Martinez,DE,1969-09-12,47,M,2004-03-29
10,Joseph,Kline,FL,1973-01-29,44,M,2007-01-10
14,Thomas,Jenkins,FL,2002-11-25,14,M,2012-03-05
61,Jim,Allen,FL,1958-11-03,58,M,2014-08-15
210,Carlos,Brown,FL,1969-04-23,47,M,2013-02-27
242,Jeremy,Bell,FL,1966-07-08,50,M,2006-04-09
276,James,Jordan,FL,1960-08-08,56,M,2005-05-07
341,Jeffrey,Clark,FL,1997-10-09,19,M,2009-03-28
407,Preston,Maxwell,FL,2002-12-08,14,M,2014-03-09
540,Joseph,Green,FL,1989-07-22,27,M,2015-01-02
549,Alberto,Carson,FL,1976-05-28,40,M,2011-09-23
560,Jefferson,Rose,FL,1983-07-02,33,M,2014-10-18
646,Donald,Armstrong,FL,1968-06-19,48,M,2001-04-22
680,William,Griffin,FL,1958-01-12,59,M,2013-02-25
791,Charles,Brooks,FL,1969-07-26,47,M,2015-03-23
938,Gary,Thompson,FL,1960-03-31,56,M,2014-06-26
989,Eric,Smith,FL,1977-08-16,39,M,2013-08-28
207,Theodore,Boone,GA,1966-08-28,50,M,2000-04-25
263,Robert,Peters,GA,1973-07-06,43,M,2006-03-03
358,David,Rosario,GA,1986-09-03,30,M,2002-09-24
380,Jason,Smith,GA,1952-11-24,64,M,2005-01-17
544,Tomas,Chase,GA,1969-12-20,47,M,2009-03-29
598,Patrick,Ruiz,GA,1982-03-31,34,M,2009-07-18
681,William,Turner,GA,1970-06-09,46,M,2000-12-11
717,William,Crawford,GA,1989-10-15,27,M,2008-06-21
783,Kenneth,Skinner,GA,1967-01-19,50,M,2009-09-20
53,Todd,Ramos,HI,1976-09-11,40,M,2009-12-15
73,Dwight,Robinson,HI,1973-10-22,43,M,2008-05-14
100,Timothy,Moore,HI,1995-02-02,22,M,2012-07-04
139,Joseph,Pena,HI,2003-01-31,14,M,2013-09-01
342,Milford,Nguyen,HI,2001-01-07,16,M,2015-12-16
539,John,Green,HI,1951-10-06,65,M,2015-08-18
586,Michael,Pittman,HI,1960-07-28,56,M,2010-12-21
900,James,Wright,HI,1997-08-16,19,M,2013-08-06
1000,David,Bowman,HI,1994-02-17,23,M,2004-12-26
57,Samuel,Johnson,ID,1962-10-21,54,M,2012-02-06
403,Mike,Stephens,ID,1990-01-30,27,M,2011-01-11
404,Paul,Farmer,ID,1990-11-02,26,M,2007-07-03
430,Alfredo,Silva,ID,1977-03-30,39,M,2007-05-29
611,James,Jackson,ID,1965-07-30,51,M,2011-03-21
711,Abe,Lindsey,ID,1953-09-29,63,M,2001-06-02
749,John,Franks,ID,1986-09-05,30,M,2000-06-26
910,Samuel,Munoz,ID,1959-04-12,57,M,2014-12-03
103,Jess,Anderson,IL,1976-10-04,40,M,2006-09-07
272,Frank,Miller,IL,1963-11-07,53,M,2007-04-08
279,Donald,Phillips,IL,1965-04-19,51,M,2014-11-12
419,Gene,Buckner,IL,1969-09-20,47,M,2013-12-26
541,Cedric,Gomez,IL,1990-05-04,26,M,2014-07-20
660,Derrick,Washington,IL,1979-09-17,37,M,2005-09-03
924,Chad,Carter,IL,1980-10-04,36,M,2004-01-13
961,James,Klein,IL,2002-11-24,14,M,2012-02-24
975,Robert,Murray,IL,1996-11-02,20,M,2014-07-30
68,Joseph,Whitley,IN,1957-12-06,59,M,2011-04-07
211,Gary,Ballard,IN,1969-09-03,47,M,2001-05-15
268,Charles,Castro,IN,1997-12-18,19,M,2014-07-29
363,Adam,Lucas,IN,1990-08-07,26,M,2010-11-27
369,Howard,Taylor,IN,1989-12-05,27,M,2000-03-10
441,Brian,Garcia,IN,1975-09-11,41,M,2008-08-17
593,Nicholas,Johns,IN,1974-02-22,43,M,2005-09-02
596,John,Williamson,IN,1967-10-23,49,M,2012-03-26
751,David,Rhodes,IN,1954-02-26,63,M,2001-11-28
861,Robert,Dyer,IN,1994-11-14,22,M,2004-10-23
985,Carl,Lewis,IN,1968-09-24,48,M,2007-08-05
42,Ben,Gonzales,IA,1991-08-27,25,M,2012-07-01
322,Shawn,Baker,IA,1974-02-12,43,M,2001-03-19
356,Fred,Flores,IA,1960-04-27,56,M,2007-08-19
467,Mike,Robinson,IA,1953-05-27,63,M,2011-08-01
542,Emilio,Trujillo,IA,1970-01-13,47,M,2006-07-17
574,Kent,Bryant,IA,1956-12-10,60,M,2003-01-31
623,Nathaniel,Greene,IA,1986-11-02,30,M,2014-04-17
871,Walter,Drake,IA,1955-03-19,61,M,2005-01-01
928,Joseph,Wiley,IA,1979-07-11,37,M,2009-12-06
957,Jay,Ramsey,IA,1984-04-12,32,M,2004-10-20
306,John,Davenport,KS,1960-08-15,56,M,2015-02-07
340,Leon,French,KS,1995-06-14,21,M,2011-03-13
392,Bernardo,Wallace,KS,1977-05-24,39,M,2005-01-02
890,Ted,Taylor,KS,1969-08-11,47,M,2009-07-31
925,John,Ross,KS,1957-02-16,60,M,2009-08-13
949,William,Wheeler,KS,1956-12-18,60,M,2002-10-28
18,Scott,Mercado,KY,1980-11-21,36,M,2008-04-11
40,Stewart,Jackson,KY,1952-03-20,64,M,2014-03-22
125,Elmer,Evans,KY,1958-02-01,59,M,2004-01-14
214,William,Lopez,KY,1996-06-26,20,M,2007-05-08
241,Leroy,Hopper,KY,1987-04-12,29,M,2015-11-19
351,Roland,Rose,KY,1983-12-20,33,M,2015-11-08
485,Roland,Robinson,KY,1996-02-08,21,M,2011-06-12
557,Norman,Anderson,KY,2003-01-15,14,M,2015-07-29
648,William,Carter,KY,1955-07-15,61,M,2002-05-22
721,Michael,Powell,KY,1983-04-28,33,M,2014-01-26
799,Russell,Riley,KY,1999-10-16,17,M,2010-10-29
829,Matthew,Johnson,KY,1971-04-03,45,M,2007-12-27
867,Timothy,Cooper,KY,1961-08-24,55,M,2015-11-07
134,James,Johnson,LA,1997-09-30,19,M,2009-09-22
202,Daniel,Morales,LA,1973-04-18,43,M,2013-06-15
550,Martin,Palmer,LA,1978-02-15,39,M,2005-07-08
794,Roy,Collins,LA,2000-01-28,17,M,2014-05-04
846,Randal,Weber,LA,1986-11-16,30,M,2013-06-13
853,Mark,Garza,LA,1952-03-05,65,M,2015-03-02
862,Hector,Stewart,LA,1959-08-30,57,M,2004-07-08
888,Leon,Perez,LA,1979-01-12,38,M,2007-10-23
897,Ernest,Taylor,LA,1985-10-08,31,M,2004-02-11
58,Dominic,Cox,ME,1963-08-10,53,M,2013-11-11
71,Joseph,Rodriguez,ME,1964-12-01,52,M,2010-05-04
338,Steven,Montgomery,ME,1990-11-16,26,M,2012-03-23
585,Stephen,Delacruz,ME,1967-09-08,49,M,2003-04-02
714,Chris,Montgomery,ME,1964-09-12,52,M,2015-05-17
728,Alejandro,Lawson,ME,1950-10-01,66,M,2009-05-23
941,Anthony,Thompson,ME,2000-04-15,16,M,2012-08-15
28,Timothy,Butler,MD,1992-08-05,24,M,2007-01-03
120,Kevin,Silva,MD,1950-08-04,66,M,2006-02-27
141,James,Alston,MD,1976-06-30,40,M,2004-08-04
258,Aaron,Allen,MD,1992-08-02,24,M,2002-02-01
568,James,Caldwell,MD,1960-03-23,56,M,2007-08-24
625,Daniel,Ryan,MD,1986-06-29,30,M,2007-10-04
632,Thomas,Young,MD,1990-10-05,26,M,2008-10-02
748,Marion,Murphy,MD,1973-06-15,43,M,2014-10-10
798,Edward,Lawrence,MD,1992-02-14,25,M,2011-03-11
122,Paul,Mccarty,MA,1965-12-23,51,M,2000-04-15
157,Robert,Lane,MA,1974-01-31,43,M,2012-11-05
236,Daniel,Holloway,MA,2000-03-28,16,M,2015-12-11
321,Jimmy,Bishop,MA,1985-06-17,31,M,2001-05-17
414,Raymond,Green,MA,1970-10-29,46,M,2009-04-17
421,Harry,Gonzalez,MA,1993-02-23,24,M,2011-12-15
571,Steve,Davis,MA,1960-01-16,57,M,2009-02-28
929,Calvin,West,MA,1994-05-24,22,M,2009-04-14
238,Michael,Miller,MI,1986-05-04,30,M,2006-08-17
400,Herman,Gonzalez,MI,1988-01-22,29,M,2015-04-07
472,John,Johnson,MI,1955-04-04,61,M,2000-02-06
684,Dave,Santos,MI,1960-07-28,56,M,2013-05-26
75,Isaac,Fowler,MN,1957-09-24,59,M,2013-08-05
289,Nathaniel,Smith,MN,1991-02-25,26,M,2012-03-18
594,Hugh,Davis,MN,1957-12-12,59,M,2008-01-10
716,Jose,Barrett,MN,1985-04-22,31,M,2013-03-08
821,Joseph,Miller,MN,1959-12-31,57,M,2002-07-13
857,James,Goodwin,MN,1967-11-28,49,M,2014-11-20
874,Gene,Jones,MN,1986-12-07,30,M,2000-06-20
915,Ronald,Beck,MN,1964-02-08,53,M,2011-12-04
953,Brian,Campbell,MN,1950-12-07,66,M,2011-06-03
112,Michael,White,MS,1959-01-17,58,M,2004-06-24
121,Stephen,Campbell,MS,1960-02-19,57,M,2010-07-18
177,Mark,Howard,MS,2004-11-09,12,M,2015-05-05
299,Brett,O'donnell,MS,1993-05-27,23,M,2006-07-07
444,Andrew,Ellis,MS,1963-10-01,53,M,2006-12-03
599,Trent,Hill,MS,2001-12-19,15,M,2012-05-11
896,Joseph,Gonzalez,MS,1987-05-04,29,M,2008-07-10
951,Brent,Carr,MS,1986-11-07,30,M,2000-01-30
997,Cory,Dorsey,MS,1974-10-18,42,M,2005-11-05
115,Robert,White,MO,1988-02-11,29,M,2009-11-18
166,Ramon,Moon,MO,1975-03-25,41,M,2013-10-26
200,Austin,Hudson,MO,1995-12-06,21,M,2005-03-15
353,Charles,Murray,MO,2002-04-26,14,M,2012-11-02
361,Jerry,Bailey,MO,1964-12-25,52,M,2011-05-23
526,William,Smith,MO,1967-02-17,50,M,2013-10-23
685,Van,Robinson,MO,1961-02-25,56,M,2008-10-12
690,Allen,Marks,MO,1953-10-05,63,M,2003-11-26
725,Charles,Ramirez,MO,1960-03-18,56,M,2001-10-01
762,Thomas,Snow,MO,1972-08-09,44,M,2014-02-05
769,John,Lopez,MO,1999-05-17,17,M,2015-03-25
813,Jerry,Hahn,MO,1965-12-26,51,M,2006-06-28
317,Roy,Sanchez,MT,1974-11-16,42,M,2007-04-23
552,Stephen,Burks,MT,1988-07-19,28,M,2006-03-02
559,Quentin,Larson,MT,2004-11-14,12,M,2014-07-19
650,Ray,Campbell,MT,2001-03-23,15,M,2011-12-01
995,Andrew,Carlson,MT,1953-09-26,63,M,2006-02-03
30,Jeff,Washington,NE,1952-06-28,64,M,2013-07-27
76,Dan,Freeman,NE,1963-11-29,53,M,2010-12-09
89,Robert,Davis,NE,1962-03-13,54,M,2013-04-05
180,Jeffery,King,NE,1988-08-07,28,M,2011-04-27
297,Millard,Powell,NE,1958-11-03,58,M,2010-09-04
354,Ramon,Johnson,NE,1978-07-03,38,M,2008-11-15
440,Jim,Copeland,NE,2001-06-06,15,M,2013-04-11
517,Ronald,Guzman,NE,1996-02-02,21,M,2008-03-19
565,Thomas,Flynn,NE,1991-06-10,25,M,2013-04-13
580,Jose,Perez,NE,1969-11-25,47,M,2003-10-30
753,Dennis,Thompson,NE,1966-10-15,50,M,2000-03-23
804,Charles,Reid,NE,1997-05-01,19,M,2013-04-07
880,Raymond,Ramirez,NE,2000-09-05,16,M,2014-04-14
934,Ronald,Johnson,NE,1961-04-24,55,M,2014-01-09
84,Daniel,Williams,NV,1973-12-26,43,M,2001-07-28
197,Gabriel,Richards,NV,1999-11-22,17,M,2011-07-17
257,Alan,Robinson,NV,1997-07-20,19,M,2010-01-16
336,David,Welch,NV,2003-03-16,13,M,2014-02-01
355,Richard,Marquez,NV,1968-02-11,49,M,2012-03-01
578,David,Mendoza,NV,1988-06-29,28,M,2002-04-12
615,Shane,Wall,NV,1970-10-20,46,M,2012-01-09
737,Juan,William,NV,1981-05-31,35,M,2005-02-15
778,George,Lewis,NV,1961-02-11,56,M,2004-07-31
171,Carl,Owens,NH,1960-06-26,56,M,2002-11-21
296,Richard,Fletcher,NH,1989-02-26,28,M,2003-01-05
553,Patrick,Brown,NH,1952-02-04,65,M,2012-01-29
713,Angel,Dorsey,NH,1985-03-20,31,M,2001-12-12
757,Patrick,Gray,NH,1958-04-14,58,M,2015-06-25
796,Jason,Jones,NH,1982-06-25,34,M,2004-12-28
805,James,Clark,NH,1990-08-04,26,M,2010-03-23
832,Marvin,Mcdonald,NH,1983-10-13,33,M,2004-04-14
85,Michael,Nelson,NJ,1999-02-28,18,M,2014-03-08
101,Bradley,Bonner,NJ,1999-12-08,17,M,2009-04-18
266,Kyle,Hood,NJ,1975-02-08,42,M,2008-11-24
388,James,Marsh,NJ,1972-06-25,44,M,2014-11-17
543,Anthony,Parks,NJ,1971-07-17,45,M,2004-12-24
678,Paul,Richard,NJ,1998-02-24,19,M,2010-03-10
708,Richard,Wilson,NJ,1998-02-19,19,M,2013-01-23
727,Theodore,Smith,NJ,1982-10-02,34,M,2002-06-05
732,Gregory,Becker,NJ,1994-01-25,23,M,2015-09-11
770,Charles,Keith,NJ,1997-02-02,20,M,2008-06-28
837,Christopher,Lewis,NJ,1986-04-08,30,M,2005-02-16
885,Russell,Walker,NJ,1978-11-09,38,M,2005-04-13
903,Charles,Barnes,NJ,2001-09-11,15,M,2015-12-04
974,Miles,Phillips,NJ,1999-04-12,17,M,2014-02-20
994,Aaron,Walker,NJ,1955-02-08,62,M,2007-03-19
107,Gordon,Johnson,NM,1957-01-10,60,M,2011-05-17
144,Jason,French,NM,2000-12-24,16,M,2013-03-17
267,Edward,Jennings,NM,1984-04-05,32,M,2003-06-17
278,Anthony,Mcmillan,NM,1997-10-03,19,M,2012-01-03
337,Samuel,Wilson,NM,1980-05-19,36,M,2002-03-10
616,Theodore,Freeman,NM,1981-09-19,35,M,2007-08-26
740,Thomas,Henry,NM,1967-04-20,49,M,2013-11-10
849,Perry,Cannon,NM,2001-03-04,16,M,2012-07-15
950,Joseph,Walker,NM,1950-03-29,66,M,2011-05-09
956,Jack,Medina,NM,1981-06-21,35,M,2015-01-05
50,Joesph,Elliott,NY,1966-03-02,51,M,2013-12-15
55,Julio,Pittman,NY,1967-07-15,49,M,2009-11-07
95,Dustin,Miller,NY,1974-08-28,42,M,2015-10-31
186,Stephen,Clark,NY,1995-01-14,22,M,2015-03-06
335,Terrance,Richardson,NY,2004-08-10,12,M,2015-11-11
499,Aaron,Walker,NY,1961-02-17,56,M,2014-05-24
939,Patrick,Day,NY,1985-06-26,31,M,2014-09-25
63,Richard,Flores,NC,1989-08-20,27,M,2014-04-09
259,Gerald,Johnson,NC,2004-05-31,12,M,2015-02-22
262,Stuart,Pearson,NC,1972-05-20,44,M,2007-04-06
301,Jesse,Smith,NC,1954-06-27,62,M,2003-08-12
411,Raymond,West,NC,1968-05-15,48,M,2013-02-04
429,Daniel,Macdonald,NC,1963-11-09,53,M,2010-03-27
747,Antonio,Wood,NC,1990-11-29,26,M,2008-12-31
460,Daniel,Anthony,ND,1969-06-06,47,M,2001-02-14
483,Arturo,Faulkner,ND,1975-07-14,41,M,2012-02-05
595,Arthur,Davis,ND,2000-01-05,17,M,2013-09-21
604,Bryan,Stephens,ND,1982-04-14,34,M,2002-11-08
802,Bret,Dejesus,ND,1983-10-13,33,M,2000-07-02
47,Jose,Fernandez,OH,1976-05-27,40,M,2005-05-15
158,Barry,Brown,OH,1999-04-23,17,M,2012-11-29
181,Robert,Dean,OH,1952-10-04,64,M,2008-01-03
308,Larry,Webb,OH,1968-02-03,49,M,2010-12-07
473,Daryl,Davis,OH,1985-11-14,31,M,2005-07-07
731,Alan,Taylor,OH,1983-06-01,33,M,2010-10-13
763,Jay,Jacobs,OH,1970-03-28,46,M,2001-05-10
773,Mark,James,OH,1950-08-13,66,M,2005-09-06
775,Jason,Roberts,OH,1969-04-25,47,M,2010-01-02
904,Al,Logan,OH,1952-09-20,64,M,2010-01-24
919,Ralph,Maldonado,OH,1979-12-01,37,M,2002-03-10
962,Chad,Stanley,OH,1981-09-09,35,M,2012-04-17
65,Carroll,Miles,OK,1959-10-30,57,M,2000-06-14
312,Gary,Dean,OK,1993-09-28,23,M,2014-12-25
366,Richard,Mitchell,OK,1959-08-17,57,M,2006-09-28
583,Gary,Poole,OK,1982-10-14,34,M,2010-01-24
667,Gary,Woodward,OK,1963-04-11,53,M,2012-04-26
755,James,Wright,OK,1991-09-16,25,M,2011-10-02
937,Calvin,Parker,OK,1998-02-12,19,M,2010-05-26
958,Manuel,Walker,OK,1990-09-29,26,M,2011-03-27
998,Kris,Ellison,OK,1954-09-02,62,M,2012-12-14
408,David,Holman,OR,1979-08-20,37,M,2008-03-10
498,Edward,Cunningham,OR,2003-09-23,13,M,2014-08-21
697,Edward,Pierce,OR,1972-09-19,44,M,2000-09-24
917,Robert,Dotson,OR,1987-01-26,30,M,2011-01-11
104,Jesse,Bell,PA,1976-02-12,41,M,2011-08-12
106,Diego,Nelson,PA,1999-11-12,17,M,2011-12-31
316,Stephen,Greer,PA,1989-05-21,27,M,2002-12-30
455,Ramon,Wright,PA,2000-09-19,16,M,2015-07-25
475,Adam,Martin,PA,1987-12-16,29,M,2014-11-19
600,Kenneth,Davis,PA,1967-04-03,49,M,2011-06-03
729,Tyler,Roman,PA,2003-03-15,13,M,2013-05-17
810,John,Jones,PA,1971-07-25,45,M,2000-02-03
814,Edward,Hopper,PA,1964-02-22,53,M,2009-02-22
930,Jerry,Barnes,PA,1972-04-07,44,M,2008-04-15
955,David,Schwartz,PA,1968-11-28,48,M,2013-05-18
94,David,Vazquez,RI,1963-11-13,53,M,2012-04-10
227,Erick,Long,RI,1970-12-08,46,M,2001-01-18
250,James,Adams,RI,1967-06-26,49,M,2005-04-02
253,Robert,Molina,RI,1972-06-28,44,M,2007-08-19
331,Howard,Skinner,RI,1963-02-05,54,M,2007-06-05
449,William,Jones,RI,1978-01-21,39,M,2005-07-16
609,Brian,Green,RI,1986-12-20,30,M,2003-06-17
668,Reginald,Roberts,RI,1967-03-25,49,M,2000-09-24
722,Charles,Haynes,RI,1978-01-06,39,M,2004-06-06
723,Russell,Jones,RI,1967-12-24,49,M,2007-04-22
736,Leroy,Webb,RI,1958-11-23,58,M,2013-05-17
764,Ryan,Lynn,RI,1990-09-10,26,M,2001-02-10
873,Jerome,Valencia,RI,2000-01-08,17,M,2011-07-29
78,Ivan,Joseph,SC,1998-02-26,19,M,2012-06-10
155,Joseph,Nunez,SC,1997-08-05,19,M,2009-08-12
212,Jess,Kirby,SC,1983-09-15,33,M,2011-03-16
237,Dennis,Thompson,SC,1951-12-23,65,M,2003-12-16
561,Carlos,Merrill,SC,1983-02-09,34,M,2003-05-15
652,Eugenio,Boyd,SC,1957-07-30,59,M,2015-09-17
824,Wayne,Hernandez,SC,2000-05-30,16,M,2011-01-23
839,David,Francis,SC,2000-01-31,17,M,2011-04-27
852,Nicholas,Hoffman,SC,1984-05-31,32,M,2011-02-10
980,Leroy,Johnson,SC,1951-02-28,66,M,2004-10-15
226,John,Zimmerman,SD,1991-02-25,26,M,2014-12-06
235,Dennis,Sanford,SD,1951-03-12,65,M,2001-08-06
247,Thomas,Lewis,SD,1958-10-13,58,M,2006-06-08
287,Kenneth,Barr,SD,1974-09-08,42,M,2008-01-24
497,Robert,Phillips,SD,1970-08-14,46,M,2002-08-27
500,Joseph,Smith,SD,1971-02-10,46,M,2009-12-03
514,Conrad,Chambers,SD,1992-10-10,24,M,2015-10-13
584,Rex,Lucas,SD,1977-08-25,39,M,2011-09-06
734,Kenneth,Chang,SD,1986-07-15,30,M,2014-07-21
869,Leonard,Dudley,SD,1951-11-02,65,M,2007-12-08
905,Jesse,Matthews,SD,1985-12-29,31,M,2002-08-15
940,William,Brown,SD,1958-04-01,58,M,2008-09-30
968,Gerard,Anderson,SD,2003-08-17,13,M,2014-07-19
137,Danny,O'neill,TN,1997-08-16,19,M,2009-10-15
204,Cleo,Wilson,TN,1980-04-23,36,M,2015-02-06
215,Edwin,Lynch,TN,1953-12-08,63,M,2006-03-03
661,Henry,Caldwell,TN,1967-05-10,49,M,2005-11-24
683,Douglas,Workman,TN,1994-04-14,22,M,2005-07-20
752,William,Chavez,TN,1962-07-19,54,M,2007-04-17
779,Mark,Hart,TN,1962-05-29,54,M,2008-06-04
838,Johnny,Barnes,TN,1999-09-02,17,M,2015-11-23
54,Francisco,Hayes,TX,2003-09-15,13,M,2015-07-29
80,Robert,Stevens,TX,1998-09-25,18,M,2014-04-21
127,Arthur,Morris,TX,1997-09-26,19,M,2007-03-24
201,Alfred,Mitchell,TX,1992-03-08,24,M,2011-06-09
409,Scotty,Brown,TX,1961-11-23,55,M,2008-05-09
415,Casey,Mullen,TX,1990-02-12,27,M,2001-04-24
461,John,Buck,TX,1967-02-06,50,M,2007-02-23
492,Johnny,Logan,TX,1962-06-17,54,M,2004-07-13
501,Christopher,Pierce,TX,1963-08-03,53,M,2003-09-06
510,Ricardo,Larson,TX,1976-06-23,40,M,2012-05-07
527,Michael,Scott,TX,1959-08-15,57,M,2004-04-21
654,William,Shelton,TX,1974-02-06,43,M,2007-04-15
733,Keith,Welch,TX,1962-03-14,54,M,2009-05-14
781,Terry,Calhoun,TX,1953-01-02,64,M,2014-06-20
912,Andrew,Jones,TX,1998-11-09,18,M,2010-04-01
947,Bruce,Anderson,TX,1964-09-12,52,M,2000-06-01
954,James,Bailey,TX,1996-06-18,20,M,2007-11-09
993,John,Roberts,TX,1994-07-12,22,M,2007-06-24
15,Roger,Harrington,UT,1970-05-26,46,M,2000-01-17
224,Evan,Campbell,UT,1970-02-28,47,M,2013-05-18
311,Oliver,Howard,UT,1962-02-21,55,M,2013-10-18
402,Matthew,Thornton,UT,1985-06-09,31,M,2002-03-24
434,Gordon,Stuart,UT,1987-10-07,29,M,2015-01-25
436,Cornelius,Vincent,UT,1987-09-27,29,M,2006-09-08
456,Lucas,England,UT,1958-09-16,58,M,2014-11-15
506,Juan,Cannon,UT,1966-05-10,50,M,2008-04-12
658,Patrick,Neal,UT,1996-09-07,20,M,2008-07-28
695,Gino,Yates,UT,2003-06-14,13,M,2015-10-18
836,Enrique,Nichols,UT,1963-12-18,53,M,2009-09-24
23,Robert,Kidd,VT,1969-06-25,47,M,2008-04-26
60,Jack,Davis,VT,1961-05-16,55,M,2005-07-25
123,Brian,Wilcox,VT,1989-02-11,28,M,2001-03-01
230,Gerald,Smith,VT,1993-04-24,23,M,2015-11-06
344,William,Harris,VT,1954-02-18,63,M,2005-12-25
575,Julio,Nichols,VT,1965-05-30,51,M,2002-05-16
877,Harold,King,VT,1956-09-29,60,M,2000-03-09
4,Robert,Workman,VA,1954-08-02,62,M,2002-07-17
70,Ed,Bell,VA,1973-11-02,43,M,2004-01-18
86,Charles,Morales,VA,1988-08-29,28,M,2000-03-05
154,Anthony,Browning,VA,1979-02-12,38,M,2004-07-31
221,Bret,Bird,VA,1993-05-31,23,M,2013-12-25
261,Hiram,Page,VA,1983-11-24,33,M,2004-03-04
307,Mark,Leonard,VA,1972-10-30,44,M,2010-03-04
416,Jimmie,Lester,VA,1979-01-13,38,M,2013-07-24
480,Guillermo,Smith,VA,1973-11-16,43,M,2014-05-24
481,Eugene,Gonzalez,VA,1989-01-20,28,M,2010-04-06
518,Claudio,Morgan,VA,1982-12-03,34,M,2007-01-29
630,Robert,Hernandez,VA,1974-07-01,42,M,2003-09-19
780,James,Johnson,VA,1953-04-25,63,M,2010-05-27
859,Daniel,Arnold,VA,1989-07-29,27,M,2000-01-04
981,Gary,Lowery,VA,1989-08-31,27,M,2003-11-30
990,Manuel,Wyatt,VA,1985-03-09,31,M,2013-04-16
8,Eric,Ferrell,WA,1954-10-03,62,M,2001-12-19
59,Thomas,Harrison,WA,1973-01-20,44,M,2004-12-02
91,James,Hall,WA,1960-04-25,56,M,2007-08-17
138,Jeffrey,Gonzalez,WA,1970-10-01,46,M,2002-04-14
277,Paul,Murphy,WA,1961-05-23,55,M,2001-04-18
284,Robert,Johnson,WA,1957-03-29,59,M,2007-04-27
401,Brian,Turner,WA,1974-07-20,42,M,2008-07-14
707,Ross,Berry,WA,1967-07-26,49,M,2003-11-16
744,Trey,Gray,WA,1957-08-22,59,M,2010-09-24
759,Orlando,Davis,WA,1974-12-06,42,M,2014-03-28
777,Jeffrey,Tate,WA,1986-11-05,30,M,2006-05-11
831,Charles,Klein,WA,1977-09-26,39,M,2013-08-06
845,Timothy,Ramirez,WA,1962-06-04,54,M,2001-06-11
69,Michael,Guthrie,WV,1951-10-11,65,M,2006-05-19
110,David,Greene,WV,1976-12-15,40,M,2004-08-16
146,Lee,Morales,WV,1961-02-17,56,M,2004-02-16
174,John,Lewis,WV,1997-06-10,19,M,2012-07-17
255,David,Miller,WV,1967-08-21,49,M,2007-03-24
378,Robert,Walker,WV,1976-06-13,40,M,2007-04-23
534,Phillip,Mills,WV,1951-07-30,65,M,2000-09-01
591,Glen,Myers,WV,1957-12-10,59,M,2002-01-17
689,Allan,Mcgee,WV,1959-05-01,57,M,2003-08-19
738,Rodger,Pacheco,WV,1962-01-29,55,M,2004-01-06
969,Bobby,Wilson,WV,1953-08-15,63,M,2015-02-04
992,Henry,Brown,WV,1970-06-19,46,M,2007-02-05
51,Patrick,Rios,WI,1983-09-19,33,M,2008-04-27
162,Jon,Clark,WI,1983-11-14,33,M,2012-08-24
588,Jason,Lopez,WI,1965-04-13,51,M,2003-11-01
792,William,Stevens,WI,1980-11-20,36,M,2010-07-30
111,Tommie,Hogan,WY,1971-10-19,45,M,2007-01-25
118,Chester,Atkins,WY,1995-01-17,22,M,2011-03-18
387,Rick,Kirby,WY,1950-01-25,67,M,2008-07-23
410,Angelo,Smith,WY,1983-12-31,33,M,2003-02-14
439,Gordon,Robinson,WY,1976-09-26,40,M,2011-08-25
459,Thomas,Sargent,WY,1967-08-03,49,M,2003-09-20
519,Richard,Clark,WY,1985-06-29,31,M,2010-08-29
619,Gary,Young,WY,1974-08-13,42,M,2009-11-18
629,Steven,Olson,WY,1957-11-21,59,M,2003-03-29
809,James,Glover,WY,1954-03-28,62,M,2002-01-04
828,Archie,Bennett,WY,2000-07-10,16,M,2014-08-30
884,Christopher,Baker,WY,1958-08-09,58,M,2001-08-21
933,Benjamin,Chan,WY,1983-05-23,33,M,2003-06-16
160,Elizabeth,Gonzalez,AL,1950-04-21,66,F,2012-06-04
220,Bernice,Young,AL,1978-12-30,38,F,2014-06-15
265,Lucy,Bernard,AL,1952-06-22,64,F,2012-12-13
471,Carol,Bowman,AL,1994-08-09,22,F,2015-02-02
495,Sarah,Gordon,AL,1978-02-12,39,F,2011-11-24
502,Mary,Kelley,AL,1997-07-24,19,F,2007-04-28
572,Rebecca,Rich,AL,1996-03-19,20,F,2009-07-13
628,Linda,Carney,AL,1986-03-17,30,F,2015-03-04
847,Lisa,Martinez,AL,1970-11-14,46,F,2004-12-05
901,Danielle,Gates,AL,1993-06-28,23,F,2012-11-05
927,Dana,Baldwin,AL,1964-05-02,52,F,2006-08-06
13,Michele,Montgomery,AK,1995-08-02,21,F,2007-10-26
49,Linda,Reid,AK,1980-04-28,36,F,2006-02-13
252,Helen,Mullins,AK,1966-12-16,50,F,2014-02-28
359,Charlene,Carroll,AK,2002-06-11,14,F,2012-05-13
364,Earnestine,Scott,AK,1964-12-30,52,F,2002-07-05
381,Helen,Newman,AK,1961-07-03,55,F,2012-10-17
443,Willie,Camacho,AK,1972-10-07,44,F,2007-11-06
524,Gertrude,Vinson,AK,1982-12-28,34,F,2009-10-16
535,Gladys,Allen,AK,1989-03-20,27,F,2005-05-03
613,Betty,Dixon,AK,1976-10-13,40,F,2006-12-10
645,Helen,Reid,AK,1956-12-06,60,F,2015-01-17
761,Janette,Bates,AK,2004-10-12,12,F,2014-06-21
984,Karin,Stephens,AK,1972-04-13,44,F,2008-07-26
98,Guadalupe,Scott,AZ,1979-04-12,37,F,2001-02-06
140,Stephanie,Craig,AZ,1987-02-10,30,F,2009-04-18
173,Elizabeth,James,AZ,1994-01-13,23,F,2004-10-30
216,Tracey,Jones,AZ,1972-01-11,45,F,2001-12-11
240,Carol,Burris,AZ,1952-07-07,64,F,2006-05-13
295,Debra,West,AZ,1997-05-03,19,F,2009-12-14
352,Patricia,Jacobs,AZ,1994-04-18,22,F,2014-01-18
509,Janice,Gilbert,AZ,1972-03-27,44,F,2000-02-16
606,Katherine,Moore,AZ,1983-09-16,33,F,2001-05-30
610,Sherry,Arnold,AZ,1951-06-09,65,F,2009-02-16
636,Sarah,Maxwell,AZ,1983-05-01,33,F,2013-11-03
674,Beverly,Hill,AZ,1980-07-25,36,F,2006-11-19
694,Denise,Beard,AZ,1950-11-10,66,F,2011-03-24
696,Joyce,Johnson,AZ,1973-03-22,43,F,2004-01-21
709,Dana,Martin,AZ,1966-03-13,50,F,2000-01-12
710,Sylvia,Davis,AZ,1961-12-27,55,F,2006-09-13
758,Alana,Bradshaw,AZ,1962-05-01,54,F,2000-09-23
850,Barbara,Gibson,AZ,1987-08-31,29,F,2011-04-27
870,Christina,Mullen,AZ,1994-08-28,22,F,2015-05-23
195,Angela,Goodwin,AR,1969-07-01,47,F,2010-07-20
225,Andrea,Albert,AR,1999-07-01,17,F,2012-11-17
244,Nina,Hall,AR,1987-05-12,29,F,2012-07-15
256,Margery,Clayton,AR,1996-10-12,20,F,2014-11-15
305,Amber,Alvarado,AR,1951-04-20,65,F,2011-03-14
394,Tracy,Cherry,AR,1973-01-25,44,F,2005-02-13
399,Judy,Henry,AR,1957-11-15,59,F,2004-12-07
589,Susan,Ward,AR,1965-07-05,51,F,2012-07-12
651,Mary,Gutierrez,AR,1957-03-10,59,F,2013-08-25
82,Amy,Roach,CA,1952-12-17,64,F,2012-12-24
179,Maria,Bailey,CA,1991-03-30,25,F,2011-08-30
251,Katherine,Jones,CA,1981-08-23,35,F,2003-07-17
319,Dana,Campbell,CA,1990-11-13,26,F,2013-09-24
343,Anna,Serrano,CA,1961-02-16,56,F,2000-09-18
365,Lynne,Murphy,CA,1958-08-19,58,F,2015-01-05
592,Sadie,Dickerson,CA,2003-03-28,13,F,2015-04-07
786,Ruby,Hernandez,CA,1954-11-12,62,F,2008-04-08
789,Ada,Joyner,CA,1975-08-09,41,F,2013-03-19
923,Cindy,Moreno,CA,1968-04-16,48,F,2007-06-16
942,Brenda,Miller,CA,1988-01-03,29,F,2008-01-19
17,Elizabeth,Garcia,CO,1969-08-26,47,F,2010-10-26
64,Ava,Davis,CO,1991-02-14,26,F,2007-04-26
129,Sherry,Harris,CO,1993-03-24,23,F,2011-11-04
372,Brittany,O'neil,CO,1997-10-18,19,F,2015-11-27
423,Yolanda,Hickman,CO,1971-01-10,46,F,2005-05-15
494,Mary,Rogers,CO,1977-04-20,39,F,2010-09-19
647,Edith,Sims,CO,1978-08-17,38,F,2010-07-11
864,Elisa,Baird,CO,1977-03-14,39,F,2000-07-09
866,Helen,Freeman,CO,1953-02-20,64,F,2003-05-15
243,Constance,Craig,CT,1954-04-05,62,F,2009-12-18
271,Charlotte,Powell,CT,1961-06-09,55,F,2003-06-19
315,Ellen,Hernandez,CT,1980-06-22,36,F,2015-04-05
703,Regina,Hernandez,CT,1992-10-02,24,F,2012-11-30
739,Debra,Simmons,CT,1985-12-29,31,F,2004-10-11
882,Betty,Jones,CT,1992-05-26,24,F,2010-06-28
952,Karen,Puckett,CT,1997-08-29,19,F,2013-07-28
963,Leslie,Norman,CT,1955-11-14,61,F,2010-06-21
982,Nancy,Estes,CT,1984-03-02,33,F,2011-08-16
29,Lillian,Watts,DE,1968-07-05,48,F,2011-04-16
163,Olga,Reyes,DE,1970-03-20,46,F,2015-04-26
478,Lucia,Bradshaw,DE,1992-04-26,24,F,2006-10-18
525,Kimberly,Edwards,DE,1952-07-31,64,F,2000-08-04
135,Beverly,Walsh,FL,1954-03-23,62,F,2008-08-26
156,Wilma,Lewis,FL,1969-02-08,48,F,2013-09-22
274,Nancy,Flores,FL,2000-03-14,16,F,2011-09-02
447,Tommie,Sanchez,FL,1991-06-05,25,F,2008-08-16
825,Juanita,Mcdaniel,FL,1985-01-31,32,F,2007-11-06
863,Cheryl,Reynolds,FL,2000-02-15,17,F,2014-03-29
90,Louise,Burke,GA,1980-03-19,36,F,2011-12-23
232,Patricia,Sanchez,GA,1981-09-13,35,F,2000-01-10
422,Marissa,Hall,GA,1984-12-24,32,F,2001-01-05
446,Florence,Roberts,GA,1960-02-05,57,F,2015-05-04
529,Kerri,Huffman,GA,1975-09-30,41,F,2003-04-11
564,Jillian,Hawkins,GA,1987-05-19,29,F,2006-03-02
700,Mary,Cortez,GA,1985-06-29,31,F,2009-12-25
760,Jean,Rich,GA,1998-07-26,18,F,2014-01-01
964,Michelle,Rogers,GA,1969-04-02,47,F,2005-04-09
5,Judy,Fleming,HI,1988-03-12,28,F,2007-11-03
130,Gladys,Campbell,HI,1976-05-08,40,F,2012-09-25
147,Sarah,Stone,HI,1967-12-23,49,F,2006-02-23
206,Irma,Smith,HI,1955-07-11,61,F,2007-12-17
254,Mary,Franklin,HI,1996-04-06,20,F,2008-03-15
327,Renee,Nichols,HI,1988-03-28,28,F,2006-07-07
391,Marlene,Fuller,HI,1983-06-06,33,F,2002-06-27
454,Grace,Gordon,HI,1988-05-13,28,F,2010-10-11
570,Elizabeth,Middleton,HI,1978-12-31,38,F,2015-01-29
579,Linda,Kim,HI,1996-04-08,20,F,2007-05-24
776,Molly,Henderson,HI,1969-01-11,48,F,2005-10-14
827,Juanita,Walker,HI,1973-01-06,44,F,2000-12-29
911,Misty,Parrish,HI,1970-08-16,46,F,2001-11-22
916,Donna,Bates,HI,1956-03-29,60,F,2010-06-18
142,Jane,Adams,ID,2003-02-05,14,F,2015-06-30
189,Elizabeth,Benson,ID,1999-06-15,17,F,2014-01-30
286,Amy,Davis,ID,1965-12-15,51,F,2003-09-16
318,Ida,Jones,ID,1985-09-26,31,F,2006-10-25
350,Eleanor,Miller,ID,1995-02-25,22,F,2012-12-18
531,Grace,Phillips,ID,1976-08-15,40,F,2015-12-11
676,Sarah,Clark,ID,1973-02-18,44,F,2013-12-17
746,Catherine,Martinez,ID,1964-09-18,52,F,2013-10-21
889,Alice,Pruitt,ID,2001-11-13,15,F,2014-08-09
922,Evelyn,Miranda,ID,1997-04-14,19,F,2008-08-09
330,Mary,Santos,IL,2002-05-19,14,F,2012-11-20
450,Edna,Murray,IL,1997-04-03,19,F,2011-08-14
484,Vicki,Cohen,IL,1976-06-19,40,F,2007-11-11
617,Alice,O'donnell,IL,1977-07-06,39,F,2000-08-16
920,Pamela,Hall,IL,1975-08-05,41,F,2000-04-18
944,Irma,O'brien,IL,1984-06-23,32,F,2013-10-01
971,Tina,Booth,IL,1958-02-08,59,F,2013-12-25
978,Teresa,Clements,IL,1971-06-04,45,F,2009-12-10
983,Laura,Mitchell,IL,1995-08-04,21,F,2014-09-16
77,Ronda,Walsh,IN,1961-04-26,55,F,2002-10-26
231,Nicole,Hardy,IN,1981-04-18,35,F,2005-10-31
329,Blanche,Massey,IN,1959-06-11,57,F,2013-05-01
346,Joan,Whitehead,IN,1955-11-05,61,F,2001-01-15
405,Jeanette,Warren,IN,1980-12-02,36,F,2006-05-01
491,Denise,Key,IN,1983-11-05,33,F,2000-12-13
520,Rebecca,Myers,IN,1976-03-19,40,F,2006-02-12
555,Melinda,Owens,IN,1965-10-31,51,F,2004-03-04
602,Judith,Johnson,IN,1979-09-01,37,F,2006-10-18
627,Jane,Williams,IN,1967-09-10,49,F,2008-03-23
712,Lesley,White,IN,1963-01-13,54,F,2011-09-11
741,Naomi,Lyons,IN,1956-07-12,60,F,2000-07-04
902,Diana,Ferguson,IN,1990-11-13,26,F,2013-01-10
948,Maryann,Myers,IN,1966-06-12,50,F,2012-06-25
979,Mildred,Valdez,IN,1981-10-29,35,F,2006-07-22
987,Helen,Andrews,IN,1981-04-10,35,F,2006-03-28
3,Heather,Charles,IA,2002-02-15,15,F,2014-12-01
67,Maria,Johnson,IA,1998-02-09,19,F,2010-02-01
102,Consuelo,Green,IA,1950-07-03,66,F,2008-07-12
117,Doris,Sanders,IA,1971-05-27,45,F,2005-03-31
196,Dorothy,Lester,IA,1954-10-05,62,F,2005-01-04
280,Mary,Mcmillan,IA,1985-02-24,32,F,2008-06-21
437,Tamara,Reed,IA,1974-04-22,42,F,2009-11-15
532,Jeanine,Lee,IA,1974-05-04,42,F,2014-09-26
692,Mary,Stanley,IA,1962-03-12,54,F,2013-04-26
766,Jill,Wright,IA,1975-09-22,41,F,2008-08-04
24,Karla,Schneider,KS,1951-04-20,65,F,2006-10-17
33,Donna,Foster,KS,1974-10-18,42,F,2001-04-17
44,Joanne,Myers,KS,1990-01-21,27,F,2001-06-02
375,Rosa,Craig,KS,1959-08-26,57,F,2012-05-23
505,Jane,Jennings,KS,1996-12-04,20,F,2009-03-19
508,Ruth,Martinez,KS,2002-03-19,14,F,2015-03-02
523,Elena,Sweeney,KS,1962-04-06,54,F,2008-08-23
573,Beverly,Rogers,KS,1989-03-15,27,F,2013-12-27
622,Rita,White,KS,1986-01-01,31,F,2012-11-05
663,Cherie,Wilson,KS,1964-08-27,52,F,2012-05-22
74,Sally,Moore,KY,1977-05-29,39,F,2003-07-21
228,Suzanne,Conner,KY,1956-12-31,60,F,2009-02-22
293,Jenna,Randolph,KY,1962-10-02,54,F,2003-11-08
328,Pamela,Barnett,KY,1957-01-23,60,F,2009-12-10
417,Gloria,Cobb,KY,1956-05-31,60,F,2002-11-12
427,Marcia,Jensen,KY,1950-10-18,66,F,2013-09-18
612,Sheryl,Johnson,KY,1990-02-04,27,F,2000-08-25
895,Tanisha,Odom,KY,1979-09-30,37,F,2004-01-15
931,Sharon,Schultz,KY,1963-03-30,53,F,2002-08-31
972,Holly,Larson,KY,1962-06-24,54,F,2008-04-04
133,Dorothy,Ortiz,LA,1968-05-10,48,F,2001-04-28
223,Margaret,Martin,LA,1990-07-27,26,F,2010-08-20
462,Joann,Floyd,LA,1978-12-03,38,F,2013-11-22
493,Shirley,Johnson,LA,1969-09-21,47,F,2014-01-02
664,Thelma,Williams,LA,1962-04-15,54,F,2006-07-23
666,Tina,Chavez,LA,1982-04-17,34,F,2014-01-14
892,Mary,Boone,LA,1993-07-07,23,F,2009-02-11
965,Catalina,Brown,LA,1953-07-16,63,F,2002-12-28
45,Holly,Gibson,ME,1995-11-09,21,F,2013-10-14
165,Karen,Whitley,ME,1991-11-25,25,F,2008-05-30
385,Pam,Stevens,ME,2004-01-28,13,F,2015-07-31
487,Grace,May,ME,1961-07-15,55,F,2006-02-07
507,Betsy,Carr,ME,1962-08-14,54,F,2011-08-08
537,Tracy,Raymond,ME,1971-01-25,46,F,2011-10-03
545,Mary,Graves,ME,1988-07-20,28,F,2003-08-13
634,Helen,Webb,ME,1959-01-06,58,F,2002-06-26
672,Shanna,Gonzalez,ME,1964-10-03,52,F,2013-09-09
719,Vickie,Lee,ME,1980-09-14,36,F,2004-11-07
815,Claudette,Mitchell,ME,1954-01-14,63,F,2004-06-16
22,Ellen,Moore,MD,1970-10-05,46,F,2008-11-26
26,Johnnie,Thompson,MD,1961-09-27,55,F,2013-06-05
62,Carolyn,Conley,MD,1977-06-18,39,F,2012-04-21
161,Nancy,Hernandez,MD,1997-09-28,19,F,2010-11-03
521,Helen,Cole,MD,1977-03-05,40,F,2015-05-05
788,Kerry,Martin,MD,1999-11-01,17,F,2012-11-10
820,Stephanie,Carter,MD,1989-12-07,27,F,2011-06-16
907,Shelia,Kirk,MD,1957-04-25,59,F,2003-01-06
945,Dawn,Fry,MD,2004-01-29,13,F,2015-09-25
21,Susan,Avery,MA,1973-10-29,43,F,2012-01-18
93,Rosemarie,Williams,MA,1964-10-27,52,F,2000-12-09
105,Teresa,Richards,MA,1950-06-21,66,F,2005-01-16
169,Christina,Schwartz,MA,1975-01-15,42,F,2012-12-28
184,Robin,Williams,MA,1972-03-09,44,F,2012-11-10
193,Sandra,Carney,MA,1979-05-17,37,F,2000-03-15
393,Patricia,Rivera,MA,1971-01-20,46,F,2012-08-26
465,Teresa,Graham,MA,1953-03-11,63,F,2005-07-18
466,Janet,Solis,MA,1994-08-03,22,F,2004-11-29
528,Angela,Smith,MA,2004-04-17,12,F,2015-06-24
621,Wanda,Harper,MA,2003-08-02,13,F,2014-02-26
640,Margie,Thomas,MA,1976-01-07,41,F,2008-05-25
673,Kimberly,Landry,MA,1954-11-08,62,F,2006-04-23
875,Marlene,Reynolds,MA,2004-12-13,12,F,2015-03-10
145,Judy,Pugh,MI,1951-02-20,66,F,2003-07-22
217,Rebecca,Lester,MI,1977-01-12,40,F,2009-11-05
406,Jennifer,Rodriguez,MI,1999-06-21,17,F,2011-01-01
433,Jamie,Jones,MI,1955-05-25,61,F,2009-07-13
468,Juanita,Castillo,MI,1985-11-09,31,F,2012-12-30
470,Julie,Smith,MI,1956-01-16,61,F,2014-07-28
547,Nicole,Carroll,MI,1998-04-22,18,F,2011-12-14
608,Yolanda,Hall,MI,1989-04-01,27,F,2000-02-23
756,Donna,Haney,MI,1953-02-17,64,F,2013-04-16
817,Polly,Lee,MI,1974-10-14,42,F,2014-06-09
936,Ashley,Young,MI,1978-04-04,38,F,2003-03-24
108,Rebecca,Williams,MN,1981-05-01,35,F,2009-07-18
126,Lucile,Parker,MN,1969-09-05,47,F,2006-12-09
178,Bridget,Chase,MN,1986-11-12,30,F,2009-08-31
239,Eleanor,Perez,MN,1982-09-12,34,F,2007-04-11
294,Jacqueline,Mckinney,MN,2000-08-15,16,F,2014-11-15
486,Debra,Mccarthy,MN,1960-02-25,57,F,2000-02-11
639,Susan,Lewis,MN,1993-10-01,23,F,2013-08-28
851,Karina,Wood,MN,1984-12-09,32,F,2014-09-29
959,Christine,Carter,MN,1980-10-25,36,F,2000-10-20
56,Heather,Burnett,MS,1951-06-19,65,F,2011-11-07
136,Stacy,Smith,MS,1968-10-15,48,F,2010-08-20
348,Alicia,Cruz,MS,1977-03-02,40,F,2012-01-14
357,Janie,Johnson,MS,1989-01-13,28,F,2003-11-25
362,Rose,Weiss,MS,1962-07-04,54,F,2013-04-21
373,Tanya,Rodriguez,MS,1981-03-31,35,F,2005-10-03
457,Cheryl,Bryant,MS,1952-05-24,64,F,2005-03-25
496,Joanna,Smith,MS,1987-05-25,29,F,2012-07-02
515,Michelle,Mitchell,MS,1951-09-17,65,F,2015-02-17
577,Joanne,Brown,MS,1991-06-19,25,F,2003-05-10
590,Rita,Mcdaniel,MS,1956-11-08,60,F,2013-01-01
659,Krystal,Elliott,MS,2003-01-04,14,F,2015-02-01
698,Louise,White,MS,2001-09-10,15,F,2011-11-04
726,Annette,Johnson,MS,1954-03-11,62,F,2000-10-19
735,Grace,Henderson,MS,1954-09-02,62,F,2014-10-27
768,Angeline,Randolph,MS,1983-02-13,34,F,2012-05-23
334,Joanna,Martinez,MO,1982-06-03,34,F,2014-12-08
452,Jennifer,Shepard,MO,1975-05-04,41,F,2012-10-11
913,Sharon,Grant,MO,1981-09-21,35,F,2003-07-14
148,Ruth,Henderson,MT,1962-06-08,54,F,2002-03-24
176,Sue,Lara,MT,1985-10-19,31,F,2010-12-01
205,Madelyn,Mccall,MT,1957-07-16,59,F,2005-12-17
209,Margret,Burns,MT,2000-02-19,17,F,2013-03-29
270,Marcia,Wright,MT,1973-08-14,43,F,2011-09-22
290,Beverly,Moss,MT,1955-06-18,61,F,2000-11-09
432,Alicia,Nelson,MT,1954-02-04,63,F,2003-04-21
477,Amy,Perez,MT,1965-05-20,51,F,2005-01-18
513,Rachel,Lee,MT,2004-12-19,12,F,2014-04-08
765,Kathy,Phillips,MT,2002-02-22,15,F,2014-11-22
899,Veronica,Hill,MT,1997-05-28,19,F,2007-09-12
988,Pauline,Cline,MT,2004-06-30,12,F,2014-01-21
1,Kara,Jones,NE,1969-09-29,47,F,2007-07-18
27,Karen,Hickman,NE,1986-11-08,30,F,2000-03-22
32,Lindsay,Barr,NE,1993-05-12,23,F,2015-04-01
37,Karen,Greer,NE,1981-06-17,35,F,2010-06-30
368,Ida,Walters,NE,1976-09-06,40,F,2005-01-09
379,Tiffany,Hall,NE,1989-06-23,27,F,2012-07-29
860,Doris,Smith,NE,1980-01-24,37,F,2007-12-03
894,Beatrice,Stephens,NE,1970-12-25,46,F,2007-12-09
943,Margaret,Dillon,NE,1995-03-03,22,F,2011-04-04
282,Terrie,Price,NV,1966-08-08,50,F,2000-02-07
283,Denise,Williams,NV,1970-03-17,46,F,2003-02-20
303,Stephanie,Barnes,NV,1974-07-28,42,F,2002-07-08
522,Patricia,Robinson,NV,1990-01-03,27,F,2014-08-15
536,Christine,Ross,NV,1975-03-29,41,F,2010-10-12
626,Annie,Jackson,NV,1972-03-20,44,F,2014-07-28
669,Karen,Diaz,NV,1956-02-19,61,F,2006-01-10
670,Pauline,Parsons,NV,1979-11-04,37,F,2000-12-03
843,Claudette,Bryant,NV,1973-01-04,44,F,2015-11-27
999,Mary,Carter,NV,2001-02-17,16,F,2014-10-04
35,April,Curry,NH,1956-06-10,60,F,2012-05-10
143,Virginia,Yang,NH,2001-10-02,15,F,2013-01-05
269,Natalie,Sullivan,NH,1987-06-22,29,F,2012-08-29
339,Dianna,Mejia,NH,1969-07-07,47,F,2009-02-18
384,Renee,Rice,NH,1956-12-25,60,F,2004-11-22
435,Robin,Johnson,NH,1975-02-20,42,F,2005-09-14
597,Violet,Gomez,NH,1994-01-13,23,F,2015-03-28
624,Barbara,Ramirez,NH,1962-07-03,54,F,2007-10-12
662,Sharon,Hudson,NH,1967-09-27,49,F,2005-10-05
701,Becky,Taylor,NH,1980-03-02,37,F,2011-11-30
718,Gloria,Williams,NH,1967-12-04,49,F,2005-12-25
793,Melissa,Hays,NH,1987-08-10,29,F,2012-06-23
856,Lucille,Acosta,NH,1995-11-01,21,F,2005-09-27
878,Pearl,Bryan,NH,1966-11-23,50,F,2010-09-22
96,Tammy,Ratliff,NJ,1993-10-25,23,F,2015-10-15
109,Sally,Williams,NJ,1983-12-29,33,F,2009-03-09
325,Alice,Johnson,NJ,1977-07-13,39,F,2015-11-13
642,Nancy,Martin,NJ,1989-01-10,28,F,2009-07-16
649,Constance,Smith,NJ,1951-04-29,65,F,2013-04-11
655,Rosa,Hart,NJ,1960-03-24,56,F,2013-06-02
12,Ann,Gonzalez,NM,1965-04-29,51,F,2014-04-06
46,Jenny,Morgan,NM,1961-10-13,55,F,2014-12-27
164,Emily,Bernard,NM,1955-03-22,61,F,2008-05-27
198,Teresa,Taylor,NM,2002-03-02,15,F,2015-07-17
288,Shirley,Sharpe,NM,1956-09-01,60,F,2011-03-31
323,Rose,Justice,NM,1994-11-25,22,F,2007-07-26
377,Ethel,Brown,NM,1953-05-07,63,F,2006-06-12
548,Erin,Gates,NM,1950-01-12,67,F,2014-10-25
686,Victoria,Jackson,NM,1980-02-10,37,F,2009-01-18
730,Carolyn,Wood,NM,1988-05-21,28,F,2006-05-16
876,Mary,Stout,NM,2003-02-17,14,F,2015-12-21
906,Elizabeth,Church,NM,2002-04-11,14,F,2015-03-25
88,Deborah,Little,NY,1998-12-28,18,F,2013-02-16
183,Barbara,Edwards,NY,1968-10-23,48,F,2009-08-10
187,Tina,Short,NY,1968-07-28,48,F,2012-03-13
192,Gloria,Davis,NY,1992-06-09,24,F,2009-05-16
222,Melody,Cooper,NY,1978-10-09,38,F,2006-01-04
264,Beatrice,Sanford,NY,1959-06-27,57,F,2008-04-12
345,Louise,Johnson,NY,1982-06-03,34,F,2015-07-21
671,Andrea,Taylor,NY,1984-10-31,32,F,2011-06-11
754,Frances,Gibson,NY,1988-07-12,28,F,2014-07-17
842,Monica,Ellis,NY,1997-10-19,19,F,2011-08-22
886,Tracey,Lewis,NY,1979-09-26,37,F,2002-02-08
976,Susan,Edwards,NY,1990-05-22,26,F,2013-01-17
167,Essie,Bell,NC,1988-09-29,28,F,2002-06-25
234,Deborah,Smith,NC,1994-03-19,22,F,2009-01-17
370,May,Jackson,NC,2001-01-17,16,F,2013-07-08
482,Sandra,Mcdonald,NC,1964-06-23,52,F,2008-06-16
582,Amy,Leach,NC,1952-10-27,64,F,2001-04-10
87,Rachel,Morales,ND,1960-09-22,56,F,2005-12-26
113,Ashley,Barlow,ND,1969-12-06,47,F,2001-06-30
152,Inez,Martin,ND,1972-08-25,44,F,2002-07-19
376,Daisy,Blair,ND,1951-11-30,65,F,2013-03-25
463,Rose,Wilson,ND,1988-06-08,28,F,2011-04-26
489,Florence,Justice,ND,1972-08-09,44,F,2001-02-08
834,Ida,Clarke,ND,1982-05-28,34,F,2013-10-10
841,Tonya,Black,ND,1978-10-20,38,F,2012-02-28
11,Janette,West,OH,1950-09-13,66,F,2010-03-08
218,Erin,Hall,OH,1974-09-21,42,F,2010-10-17
326,Ashley,Battle,OH,1972-09-17,44,F,2001-03-04
333,Sara,Hernandez,OH,1971-09-24,45,F,2002-01-15
382,Eunice,Ross,OH,2003-05-14,13,F,2013-07-29
397,Evelyn,Ramos,OH,1950-04-07,66,F,2007-08-04
562,Diana,Ross,OH,1996-03-26,20,F,2007-03-26
665,Katelyn,Miller,OH,1959-02-01,58,F,2009-05-19
677,Betty,Bolton,OH,1961-09-17,55,F,2001-11-16
693,Alice,Chan,OH,1982-02-02,35,F,2001-06-22
704,Violet,Thompson,OH,1962-08-17,54,F,2000-11-13
720,Theresa,Pickett,OH,1985-08-17,31,F,2015-09-27
879,Pamela,Wolfe,OH,1976-11-01,40,F,2011-05-11
909,Ann,Frederick,OH,2004-06-09,12,F,2015-08-27
420,Carole,Marshall,OK,1955-05-07,61,F,2015-02-17
445,Maria,Allen,OK,1997-10-29,19,F,2015-04-12
607,Margaret,Chang,OK,1965-01-24,52,F,2007-03-28
865,Veronica,Greene,OK,1954-03-11,62,F,2001-08-12
996,Laura,Gray,OK,2004-04-25,12,F,2015-06-03
273,Frances,Lawrence,OR,1962-07-07,54,F,2004-10-12
576,Nora,Parks,OR,1974-08-14,42,F,2002-08-21
782,Margaret,Kane,OR,1973-12-14,43,F,2001-01-17
81,Donna,Rodriguez,PA,1988-11-14,28,F,2008-10-15
132,Allison,Johnson,PA,1964-03-20,52,F,2008-11-12
151,Adriana,Richardson,PA,1993-08-05,23,F,2007-11-06
567,Brianna,Conway,PA,1989-07-20,27,F,2012-06-19
614,Clara,Stanley,PA,1969-12-22,47,F,2008-01-08
835,Jacqueline,Williams,PA,1950-04-25,66,F,2007-08-24
149,Patricia,Guzman,RI,1979-11-29,37,F,2010-04-10
172,Hazel,Ortiz,RI,1961-05-11,55,F,2006-06-25
229,Rosa,Campbell,RI,1993-10-19,23,F,2007-05-21
246,Sylvia,Ruiz,RI,1982-07-26,34,F,2001-03-24
260,Donna,Green,RI,1967-10-03,49,F,2003-01-17
310,Julie,Ruiz,RI,1995-09-03,21,F,2012-07-05
332,Jean,Edwards,RI,2000-12-20,16,F,2015-11-10
633,Wilma,Hampton,RI,1967-06-26,49,F,2004-09-12
830,Katrina,Taylor,RI,1977-09-27,39,F,2000-06-13
854,Marie,Calderon,RI,1981-08-13,35,F,2001-11-16
914,Wendy,Johnson,RI,1958-08-20,58,F,2004-08-05
986,Wendy,Ryan,RI,1997-02-01,20,F,2012-02-20
153,Christine,Colon,SC,1965-04-11,51,F,2014-02-20
159,Jenifer,Reed,SC,1997-10-12,19,F,2013-06-09
248,Jill,Harris,SC,1968-10-09,48,F,2006-06-20
304,Shirley,House,SC,1992-05-09,24,F,2015-04-07
464,Kimberly,Barber,SC,1952-03-24,64,F,2011-05-19
469,Angela,Wiggins,SC,1978-04-30,38,F,2011-06-07
512,Tracy,Walker,SC,1997-01-29,20,F,2013-03-08
533,Renee,Williamson,SC,1961-11-18,55,F,2015-01-18
551,Gloria,Jenkins,SC,1980-03-17,36,F,2008-07-20
643,Kristy,Chavez,SC,1958-11-26,58,F,2009-08-22
724,Stephanie,Martin,SC,1963-03-15,53,F,2015-07-28
742,Jessica,Campbell,SC,1988-05-19,28,F,2004-06-23
767,Janice,Ferrell,SC,1962-05-29,54,F,2014-07-18
771,Hilda,Alexander,SC,1988-07-15,28,F,2003-11-07
785,Cynthia,Williams,SC,1961-08-06,55,F,2004-08-19
808,Michelle,Yang,SC,1964-06-04,52,F,2006-08-07
812,Sally,Turner,SC,1996-11-14,20,F,2011-06-01
918,Ann,James,SC,1981-05-19,35,F,2014-12-25
83,Pat,Gates,SD,1953-12-08,63,F,2005-06-10
182,Beverly,Watson,SD,1964-06-22,52,F,2002-10-22
191,Carolyn,Flores,SD,1996-06-24,20,F,2014-12-29
213,Vivian,Sullivan,SD,1982-04-14,34,F,2000-02-15
300,Helen,Riley,SD,1966-08-10,50,F,2008-04-08
309,Vanessa,Paul,SD,1978-05-23,38,F,2006-11-09
620,Shelia,Donovan,SD,1997-07-10,19,F,2013-01-09
801,Maria,Kelly,SD,1979-05-07,37,F,2011-09-19
898,Louise,Tucker,SD,1961-02-09,56,F,2001-03-18
932,Eleanor,Robertson,SD,1953-06-10,63,F,2009-02-19
314,Marta,Smith,TN,1992-11-17,24,F,2008-04-25
374,Janice,Kirk,TN,1958-12-21,58,F,2015-01-20
451,Betty,Jimenez,TN,1965-04-03,51,F,2004-04-10
511,Donna,Morgan,TN,1953-02-08,64,F,2000-02-04
587,Marilyn,Martinez,TN,1960-02-10,57,F,2002-04-12
653,Catalina,Mcgowan,TN,1986-05-15,30,F,2015-02-07
679,Catherine,Morrow,TN,1959-03-20,57,F,2013-11-20
826,Shana,Humphrey,TN,1977-01-11,40,F,2002-12-08
966,Linda,Smith,TN,1953-03-26,63,F,2000-12-20
124,Jennifer,Hanson,TX,1959-08-11,57,F,2010-10-15
190,Consuelo,Burns,TX,1964-08-31,52,F,2005-10-14
424,Glenna,Garcia,TX,2000-11-27,16,F,2014-05-24
426,Margarita,Ingram,TX,1987-02-11,30,F,2006-12-14
453,Alma,Morales,TX,1991-06-15,25,F,2013-09-14
908,Nancy,Maddox,TX,1987-03-23,29,F,2011-08-18
926,Donna,Lopez,TX,1952-03-06,65,F,2012-12-08
973,Sheri,Perez,TX,1968-09-03,48,F,2008-05-06
36,Bridget,Sutton,UT,1986-09-04,30,F,2015-11-04
114,Brenda,Campbell,UT,1965-06-05,51,F,2009-07-23
249,Sheila,Ford,UT,1999-12-01,17,F,2013-12-22
371,Caroline,Gardner,UT,1959-09-05,57,F,2004-10-06
396,Beatrice,Robinson,UT,1958-02-23,59,F,2000-06-12
563,Audrey,Sullivan,UT,1972-04-05,44,F,2001-06-20
687,Ruth,Preston,UT,1977-01-21,40,F,2008-09-20
883,Courtney,Gordon,UT,1950-04-22,66,F,2009-03-11
991,Hazel,Tyler,UT,1961-01-10,56,F,2009-05-08
131,Maria,Lewis,VT,1957-02-01,60,F,2015-03-29
298,Donna,Gates,VT,1971-03-13,45,F,2005-01-27
412,Julie,Norris,VT,1975-04-17,41,F,2015-10-19
418,Wanda,Fleming,VT,1971-09-24,45,F,2012-10-11
425,April,Moore,VT,1999-09-26,17,F,2012-11-18
581,Michelle,Payne,VT,1964-04-25,52,F,2006-06-19
603,Phyllis,Mcmahon,VT,1967-02-08,50,F,2008-02-28
787,Maggie,Jones,VT,1955-08-14,61,F,2002-10-04
970,Amanda,Dillon,VT,1968-09-08,48,F,2010-05-25
52,Nancy,Burris,VA,1967-04-08,49,F,2015-11-27
431,Christina,Johnson,VA,1994-03-09,22,F,2004-03-18
569,Marjorie,Barnett,VA,1993-10-18,23,F,2004-02-06
682,Renee,Adkins,VA,1977-01-03,40,F,2002-03-18
774,Guadalupe,Barnett,VA,1951-01-05,66,F,2001-06-22
833,Tonya,Smith,VA,1974-08-30,42,F,2012-10-09
840,Lula,Boone,VA,2003-03-26,13,F,2013-11-25
858,Melissa,Gray,VA,1993-03-24,23,F,2003-10-09
881,Anna,Bender,VA,1952-12-21,64,F,2003-09-04
967,Sharon,Beck,VA,1989-12-04,27,F,2012-05-24
9,Erica,Klein,WA,1997-03-30,19,F,2008-12-21
19,Betty,Morrison,WA,1995-04-03,21,F,2005-08-05
20,Amber,Smith,WA,1992-03-18,24,F,2006-04-26
38,Angela,Miles,WA,1995-08-06,21,F,2006-02-06
170,Jessica,Hill,WA,1999-10-30,17,F,2011-07-31
386,Mary,Walls,WA,1960-09-30,56,F,2011-07-19
530,Edna,Jones,WA,1994-09-08,22,F,2013-08-06
656,Sarah,Rodgers,WA,1976-08-08,40,F,2007-10-29
806,Tania,Smith,WA,1993-08-29,23,F,2004-09-27
855,Sherry,Harris,WA,1963-10-03,53,F,2011-08-14
872,Katherine,Jacobson,WA,1984-02-20,33,F,2003-07-06
119,Karen,Lawson,WV,1972-10-17,44,F,2011-08-14
233,Eleanor,Gibson,WV,1977-08-31,39,F,2010-01-26
281,Muriel,Franklin,WV,1966-10-10,50,F,2008-10-05
320,Lara,Bennett,WV,1989-11-03,27,F,2014-12-11
395,June,Phillips,WV,1985-02-02,32,F,2009-03-01
458,Jean,Davis,WV,2002-10-10,14,F,2014-01-06
601,Kirsten,Dudley,WV,1989-02-11,28,F,2008-01-04
795,Charlene,Nelson,WV,1986-09-05,30,F,2010-02-07
819,Lori,Potts,WV,2002-01-17,15,F,2013-04-22
6,Alexandra,Ingram,WI,1970-09-06,46,F,2005-05-11
39,Heather,Bailey,WI,1967-03-08,49,F,2003-03-08
79,Cheryl,Madden,WI,1986-05-06,30,F,2014-08-29
302,Brittany,Gilbert,WI,1992-12-18,24,F,2005-08-18
490,Joan,Jacobs,WI,1978-04-01,38,F,2001-09-27
635,Beverly,Robinson,WI,1988-12-05,28,F,2015-12-16
800,Catherine,Mitchell,WI,1951-06-12,65,F,2011-06-15
803,Debra,Anderson,WI,1954-07-09,62,F,2003-02-19
891,Kim,Noble,WI,1951-07-21,65,F,2008-12-19
960,Leona,Baker,WI,1986-06-24,30,F,2003-07-16
7,Mary,Johnson,WY,1979-11-16,37,F,2015-12-14
16,Mary,Barr,WY,1992-09-25,24,F,2009-02-22
175,Jessie,Decker,WY,1998-11-26,18,F,2013-11-05
208,Mattie,Smith,WY,2004-03-13,12,F,2015-08-06
516,Doreen,Nichols,WY,1999-11-23,17,F,2009-02-22
554,Esther,Simpson,WY,1962-04-30,54,F,2009-07-29
631,Rochelle,Jones,WY,1957-07-05,59,F,2012-02-12
745,Patricia,Cunningham,WY,1987-11-09,29,F,2009-09-27
790,Eleanor,Bauer,WY,1985-06-16,31,F,2003-02-25
818,Florence,Allen,WY,1968-07-31,48,F,2005-01-04
